{"cameraMode":{"drawMode":0,"name":"Shaded","section":"Shading Mode"},"sceneLighting":false,"audioPlay":false,"sceneViewState":{"showFog":true,"showMaterialUpdate":false,"showSkybox":false,"showFlares":true,"showImageEffects":true,"showParticleSystems":true},"in2DMode":false,"pivot":{"x":-0.7571425437927246,"y":0.005442585330456495,"z":0.2504621148109436},"rotation":{"x":-0.040482014417648318,"y":0.7520451545715332,"z":-0.046365369111299518,"w":-0.6562409996986389},"size":1.8444032669067383,"orthographic":false}