{"cameraMode":{"drawMode":0,"name":"Shaded","section":"Shading Mode"},"sceneLighting":false,"audioPlay":false,"sceneViewState":{"showFog":true,"showMaterialUpdate":false,"showSkybox":false,"showFlares":true,"showImageEffects":true,"showParticleSystems":true},"in2DMode":false,"pivot":{"x":-0.27249664068222048,"y":0.14608822762966157,"z":-0.041018806397914889},"rotation":{"x":-0.09140011668205261,"y":0.03716035187244415,"z":-0.0033856818918138744,"w":-0.9951273798942566},"size":2.0911755561828615,"orthographic":false}