{"cameraMode":{"drawMode":0,"name":"Shaded","section":"Shading Mode"},"sceneLighting":false,"audioPlay":false,"sceneViewState":{"showFog":true,"showMaterialUpdate":false,"showSkybox":false,"showFlares":true,"showImageEffects":true,"showParticleSystems":true},"in2DMode":false,"pivot":{"x":-0.007368248887360096,"y":0.16100046038627625,"z":-0.35784846544265749},"rotation":{"x":-0.007589500863105059,"y":0.008820900693535805,"z":-0.00004898043698631227,"w":-0.9999396800994873},"size":1.4289417266845704,"orthographic":false}